<beans xmlns="http://www.springframework.org/schema/beans"
	xmlns:xsi="http://www.w3.org/2001/XMLSchema-instance" 
	xmlns:tx="http://www.springframework.org/schema/tx"
	xmlns:mvc="http://www.springframework.org/schema/mvc" 
	xmlns:context="http://www.springframework.org/schema/context"
	xsi:schemaLocation="http://www.springframework.org/schema/beans 
	                   http://www.springframework.org/schema/beans/spring-beans.xsd
                       http://www.springframework.org/schema/tx 
                       http://www.springframework.org/schema/tx/spring-tx.xsd
                       http://www.springframework.org/schema/mvc 
                       http://www.springframework.org/schema/mvc/spring-mvc.xsd
                       http://www.springframework.org/schema/context 
                       http://www.springframework.org/schema/context/spring-context.xsd">

	<!-- Specifying base package of the Components like Controller, Service, 
		DAO -->
	<context:component-scan base-package="com.jwt" />

	<!-- Getting Database properties -->
	<context:property-placeholder location="classpath:application.properties" />

	<mvc:annotation-driven />

	<!-- Specifying the Resource location to load JS, CSS, Images etc -->
	<mvc:resources mapping="/resources/**" location="/resources/" />

	<!-- View Resolver -->
	<bean
		class="org.springframework.web.servlet.view.InternalResourceViewResolver">
		<!-- <property name="viewClass" value="com.jwt.view.JstlView" />  -->
		<property name="prefix" value="/WEB-INF/pages/" />
		<property name="suffix" value=".jsp" />
	</bean>
	
	<bean id="messageSource"
        class="org.springframework.context.support.ResourceBundleMessageSource">
        <property name="basename">
            <value>messages\validator</value>
        </property>
    </bean>
	

	<!-- DataSource -->
	<bean class="org.springframework.jdbc.datasource.DriverManagerDataSource"
		id="dataSource">
		<property name="driverClassName" value="${database.driver}"></property>
		<property name="url" value="${database.url}"></property>
		<property name="username" value="${database.user}"></property>
		<property name="password" value="${database.password}"></property>
		
		
		
	</bean>

	<!-- Hibernate SessionFactory -->
	 
	<bean id="sessionFactory"
		class="org.springframework.orm.hibernate5.LocalSessionFactoryBean">
		<property name="dataSource" ref="dataSource"></property>
		<property name="hibernateProperties">
			<props>
				<prop key="hibernate.dialect">${hibernate.dialect}</prop>
				<prop key="hibernate.hbm2ddl.auto">update</prop>
				<prop key="hibernate.format_sql">${hibernate.format_sql}</prop>
				<prop key="hibernate.show_sql">${hibernate.show_sql}</prop>
			</props>
		</property>
		<property name="packagesToScan" value="com.jwt.model"></property>
	</bean>  

	<!-- Transaction -->
	<bean id="transactionManager"
		class="org.springframework.orm.hibernate5.HibernateTransactionManager">
		<property name="sessionFactory" ref="sessionFactory" />
	</bean>
	
	 
	 <!-- Spring Email Attachment Configuration -->
	<bean id="multipartResolver" class="org.springframework.web.multipart.commons.CommonsMultipartResolver">
   			 <!-- Maximum Upload Size In Bytes -->
   			 <property name="maxUploadSize" value="20848820" />
   			 <!-- Maximum Size Of File In Memory (In Bytes) -->
        	<property name="maxInMemorySize" value="1048576" />
	</bean>
	
	<!-- Send Email Exception Resolver i.e. In Case Of Exception The Controller Will Navigate To 'error.jsp' & Will Display The Exception Message -->
    <bean class="org.springframework.web.servlet.handler.SimpleMappingExceptionResolver">
		<property name="exceptionMappings">
			<props>
				<prop key="java.lang.Exception">error</prop>
			</props>
		</property>
	</bean>	
 
    
	
	<tx:annotation-driven transaction-manager="transactionManager" />
</beans>